select_date,ts_code,symbol,pct_chg,index_pct_chg
20240807,UVIX,UVIX[VIX恐慌指数2倍做多],-0.096,0
20240807,PILL,PILL[美国医药指数3倍做多],-0.02,0
20240807,UVIX,UVIX[VIX恐慌指数2倍做多],-0.096,0
20240807,PILL,PILL[美国医药指数3倍做多],-0.02,0
20240806,SOXS,SOXS[半导体指数3倍做空],-0.025,0
20240806,PILL,PILL[美国医药指数3倍做多],0.007,0
20240805,SOXS,SOXS[半导体指数3倍做空],0.047,0
20240805,PILL,PILL[美国医药指数3倍做多],-0.054,0
20240731,SQQQ,SQQQ[纳斯达克3倍做空],-0.089,0
20240731,SOXS,SOXS[半导体指数3倍做空],-0.202,0
20240731,UVIX,UVIX[VIX恐慌指数2倍做多],-0.054,0
20240730,UVIX,UVIX[VIX恐慌指数2倍做多],0.08,0
20240729,UVIX,UVIX[VIX恐慌指数2倍做多],-0.049,0
20240726,UVIX,UVIX[VIX恐慌指数2倍做多],-0.111,0
20240726,BABX,BABX[GraniteShares 2x Long BABA Daily ETF],0.03,0
20240725,BABX,BABX[GraniteShares 2x Long BABA Daily ETF],-0.011,0
20240724,BABX,BABX[GraniteShares 2x Long BABA Daily ETF],-0.007,0
20240723,UVIX,UVIX[VIX恐慌指数2倍做多],-0.015,0
20240723,BABX,BABX[GraniteShares 2x Long BABA Daily ETF],-0.014,0
20240722,SOXS,SOXS[半导体指数3倍做空],-0.126,0
20240722,UVIX,UVIX[VIX恐慌指数2倍做多],-0.1,0
20240722,BABX,BABX[GraniteShares 2x Long BABA Daily ETF],0.034,0
20240719,BABX,BABX[GraniteShares 2x Long BABA Daily ETF],-0.031,0
20240718,YINN,YINN[富时中国3倍做多],-0.025,0
20240718,BABX,BABX[GraniteShares 2x Long BABA Daily ETF],-0.016,0
20240717,YINN,YINN[富时中国3倍做多],-0.043,0
20240703,YANG,YANG[富时中国3倍做空],-0.047,0
20240528,TSLA,"TSLA[Tesla, Inc.]",-0.014,0
20240523,TSLA,"TSLA[Tesla, Inc.]",-0.035,0
20240520,TSLA,"TSLA[Tesla, Inc.]",-0.014,0
20240516,TSLA,"TSLA[Tesla, Inc.]",0.005,0
20240515,TSLA,"TSLA[Tesla, Inc.]",-0.02,0
20240514,SOXS,SOXS[半导体指数3倍做空],-0.05,0
20240514,TSLA,"TSLA[Tesla, Inc.]",0.033,0
20240513,SOXS,SOXS[半导体指数3倍做空],-0.005,0
20240513,TSLA,"TSLA[Tesla, Inc.]",0.02,0
20240510,TSLA,"TSLA[Tesla, Inc.]",-0.02,0
20240509,TSLA,"TSLA[Tesla, Inc.]",-0.016,0
20240508,TSLA,"TSLA[Tesla, Inc.]",-0.017,0
20240506,SOXS,SOXS[半导体指数3倍做空],-0.061,0
20240503,SOXS,SOXS[半导体指数3倍做空],-0.066,0
20240503,NVDQ,NVDQ[NVDA 2X SHORT],-0.07,0
20240502,SOXS,SOXS[半导体指数3倍做空],-0.066,0
20240502,NVDQ,NVDQ[NVDA 2X SHORT],-0.067,0
20240501,SOXS,SOXS[半导体指数3倍做空],0.101,0
20240430,SOXS,SOXS[半导体指数3倍做空],0.064,0
20240429,SQQQ,SQQQ[纳斯达克3倍做空],-0.011,0
20240429,SOXS,SOXS[半导体指数3倍做空],-0.02,0
20240429,WEBS,WEBS[美国互联网指数3倍做空],0.02,0
20240426,SQQQ,SQQQ[纳斯达克3倍做空],-0.048,0
20240426,WEBS,WEBS[美国互联网指数3倍做空],-0.081,0
20240425,SOXS,SOXS[半导体指数3倍做空],-0.055,0
20240424,SOXS,SOXS[半导体指数3倍做空],-0.038,0
20240424,UVIX,UVIX[VIX恐慌指数2倍做多],-0.022,0
20240424,NVDQ,NVDQ[NVDA 2X SHORT],0.071,0
20240423,SOXS,SOXS[半导体指数3倍做空],-0.064,0
20240423,UVIX,UVIX[VIX恐慌指数2倍做多],-0.071,0
20240423,NVDQ,NVDQ[NVDA 2X SHORT],-0.076,0
20240422,UVIX,UVIX[VIX恐慌指数2倍做多],-0.156,0
20240409,UVIX,UVIX[VIX恐慌指数2倍做多],-0.015,0
20240325,XPEV,"XPEV[XPeng, Inc.]",0.006,0
20240322,XPEV,"XPEV[XPeng, Inc.]",-0.078,0
20240321,XPEV,"XPEV[XPeng, Inc.]",-0.028,0
20240320,SQQQ,SQQQ[纳斯达克3倍做空],-0.035,0
20240318,UVIX,UVIX[VIX恐慌指数2倍做多],-0.05,0
20240315,BILI,"BILI[Bilibili, Inc.]",0.01,0
20240314,XPEV,"XPEV[XPeng, Inc.]",-0.061,0
20240314,BILI,"BILI[Bilibili, Inc.]",-0.068,0
20240308,YINN,YINN[富时中国3倍做多],0.017,0
20240307,YINN,YINN[富时中国3倍做多],-0.027,0
20240306,YINN,YINN[富时中国3倍做多],0.064,0
20240305,YINN,YINN[富时中国3倍做多],-0.048,0
20240305,CWEB,CWEB[中国互联网2倍做多],-0.046,0
20240304,YINN,YINN[富时中国3倍做多],-0.062,0
20240229,YINN,YINN[富时中国3倍做多],-0.009,0
20240214,UVIX,UVIX[VIX恐慌指数2倍做多],-0.118,0
20240205,UCO,UCO[原油2倍做多],0.021,0
20231122,YINN,YINN[富时中国3倍做多],0.01,0
20231121,YINN,YINN[富时中国3倍做多],-0.057,0
20231117,YINN,YINN[富时中国3倍做多],-0.002,0
20231116,YINN,YINN[富时中国3倍做多],-0.123,0
20231110,YINN,YINN[富时中国3倍做多],-0.007,0
20231109,YINN,YINN[富时中国3倍做多],-0.044,0
20231108,YINN,YINN[富时中国3倍做多],-0.023,0
20231017,BILI,"BILI[Bilibili, Inc.]",-0.013,0
20231016,BILI,"BILI[Bilibili, Inc.]",-0.003,0
20231013,BILI,"BILI[Bilibili, Inc.]",-0.022,0
20231012,CONL,CONL[虚拟货币指数2倍做多],-0.046,0
20230919,CONL,CONL[虚拟货币指数2倍做多],-0.064,0
20230830,SOXS,SOXS[半导体指数3倍做空],-0.014,0
20230829,SOXS,SOXS[半导体指数3倍做空],-0.08,0
20230828,SOXS,SOXS[半导体指数3倍做空],-0.037,0
20230823,SQQQ,SQQQ[纳斯达克3倍做空],-0.05,0
20230823,SOXS,SOXS[半导体指数3倍做空],-0.061,0
20230823,UVIX,UVIX[VIX恐慌指数2倍做多],-0.065,0
20230823,WEBS,WEBS[美国互联网指数3倍做空],-0.052,0
20230822,SOXS,SOXS[半导体指数3倍做空],0.026,0
20230822,UVIX,UVIX[VIX恐慌指数2倍做多],0.007,0
20230821,SOXS,SOXS[半导体指数3倍做空],-0.086,0
20230821,UVIX,UVIX[VIX恐慌指数2倍做多],-0.058,0
20230818,UVIX,UVIX[VIX恐慌指数2倍做多],-0.042,0
20230816,UVIX,UVIX[VIX恐慌指数2倍做多],0.036,0
20230815,UVIX,UVIX[VIX恐慌指数2倍做多],0.111,0
20230814,SOXS,SOXS[半导体指数3倍做空],-0.086,0
20230814,UVIX,UVIX[VIX恐慌指数2倍做多],-0.028,0
20230811,UVIX,UVIX[VIX恐慌指数2倍做多],-0.074,0
20230810,UVIX,UVIX[VIX恐慌指数2倍做多],0.0,0
20230808,UVIX,UVIX[VIX恐慌指数2倍做多],0.044,0
20230807,UVIX,UVIX[VIX恐慌指数2倍做多],-0.1,0
20230804,UVIX,UVIX[VIX恐慌指数2倍做多],0.063,0
20230630,PDD,"PDD[PDD Holdings, Inc.]",0.003,0
20230629,SOXL,SOXL[半导体指数3倍做多],0.004,0
20230629,BABX,BABX[GraniteShares 2x Long BABA Daily ETF],-0.023,0
20230628,BABX,BABX[GraniteShares 2x Long BABA Daily ETF],-0.048,0
20230627,PDD,"PDD[PDD Holdings, Inc.]",0.03,0
20230627,BABX,BABX[GraniteShares 2x Long BABA Daily ETF],0.024,0
20230626,SOXL,SOXL[半导体指数3倍做多],0.009,0
20230626,PDD,"PDD[PDD Holdings, Inc.]",-0.003,0
20230626,BABX,BABX[GraniteShares 2x Long BABA Daily ETF],0.018,0
20230623,SOXL,SOXL[半导体指数3倍做多],-0.053,0
20230623,ERX,ERX[美国能源指数2倍做多],-0.018,0
20230623,PDD,"PDD[PDD Holdings, Inc.]",-0.042,0
20230623,BABX,BABX[GraniteShares 2x Long BABA Daily ETF],-0.041,0
20230622,SOXL,SOXL[半导体指数3倍做多],0.014,0
20230622,PDD,"PDD[PDD Holdings, Inc.]",-0.002,0
20230622,BILI,"BILI[Bilibili, Inc.]",-0.012,0
20230622,BABX,BABX[GraniteShares 2x Long BABA Daily ETF],0.003,0
20230621,SOXL,SOXL[半导体指数3倍做多],-0.075,0
20230621,PDD,"PDD[PDD Holdings, Inc.]",-0.017,0
20230621,BILI,"BILI[Bilibili, Inc.]",-0.026,0
20230621,BABX,BABX[GraniteShares 2x Long BABA Daily ETF],-0.023,0
20230620,PDD,"PDD[PDD Holdings, Inc.]",-0.069,0
20230620,BILI,"BILI[Bilibili, Inc.]",-0.086,0
20230620,BABX,BABX[GraniteShares 2x Long BABA Daily ETF],-0.077,0
20230612,BABX,BABX[GraniteShares 2x Long BABA Daily ETF],0.004,0
20230607,SOXL,SOXL[半导体指数3倍做多],-0.004,0
20230606,SOXL,SOXL[半导体指数3倍做多],0.037,0
20230605,SOXL,SOXL[半导体指数3倍做多],-0.048,0
20230602,SOXL,SOXL[半导体指数3倍做多],-0.006,0
20230601,SOXL,SOXL[半导体指数3倍做多],0.048,0
20230531,SOXL,SOXL[半导体指数3倍做多],-0.076,0
20230502,ERX,ERX[美国能源指数2倍做多],-0.091,0
20230427,XPEV,"XPEV[XPeng, Inc.]",0.06,0
20230426,XPEV,"XPEV[XPeng, Inc.]",0.038,0
20230424,BABA,BABA[Alibaba Group Holding Ltd.],-0.026,0
20230424,XPEV,"XPEV[XPeng, Inc.]",0.004,0
20230421,BABA,BABA[Alibaba Group Holding Ltd.],-0.018,0
20230421,XPEV,"XPEV[XPeng, Inc.]",-0.009,0
20230421,BABX,BABX[GraniteShares 2x Long BABA Daily ETF],-0.031,0
20230420,YINN,YINN[富时中国3倍做多],-0.022,0
20230420,XPEV,"XPEV[XPeng, Inc.]",-0.055,0
20230420,BABX,BABX[GraniteShares 2x Long BABA Daily ETF],-0.055,0
20230419,XPEV,"XPEV[XPeng, Inc.]",-0.125,0
20230419,BABX,BABX[GraniteShares 2x Long BABA Daily ETF],-0.037,0
20230418,BILI,"BILI[Bilibili, Inc.]",-0.006,0
20230418,BABX,BABX[GraniteShares 2x Long BABA Daily ETF],-0.017,0
20230417,BABX,BABX[GraniteShares 2x Long BABA Daily ETF],0.036,0
20230414,YINN,YINN[富时中国3倍做多],-0.037,0
20230414,XPEV,"XPEV[XPeng, Inc.]",-0.006,0
20230414,BABX,BABX[GraniteShares 2x Long BABA Daily ETF],-0.032,0
20230413,XPEV,"XPEV[XPeng, Inc.]",0.007,0
20230413,BABX,BABX[GraniteShares 2x Long BABA Daily ETF],0.05,0
20230412,YINN,YINN[富时中国3倍做多],-0.09,0
20230412,BABA,BABA[Alibaba Group Holding Ltd.],-0.061,0
20230412,XPEV,"XPEV[XPeng, Inc.]",-0.055,0
20230412,BABX,BABX[GraniteShares 2x Long BABA Daily ETF],-0.11,0
20230410,TSLQ,TSLQ[TSLA 1X SHORT],0.005,0
20230410,XPEV,"XPEV[XPeng, Inc.]",0.002,0
20230406,TSLQ,TSLQ[TSLA 1X SHORT],0.003,0
20230406,XPEV,"XPEV[XPeng, Inc.]",0.022,0
20230405,TSLQ,TSLQ[TSLA 1X SHORT],0.04,0
20230405,XPEV,"XPEV[XPeng, Inc.]",-0.016,0
20230405,BILI,"BILI[Bilibili, Inc.]",-0.018,0
20230404,XPEV,"XPEV[XPeng, Inc.]",-0.073,0
20230404,BILI,"BILI[Bilibili, Inc.]",-0.045,0
20230403,BILI,"BILI[Bilibili, Inc.]",-0.034,0
20230330,WEBS,WEBS[美国互联网指数3倍做空],-0.023,0
20230329,WEBS,WEBS[美国互联网指数3倍做空],-0.054,0
20230328,UVIX,UVIX[VIX恐慌指数2倍做多],-0.05,0
20230328,WEBS,WEBS[美国互联网指数3倍做空],0.022,0
20230327,UVIX,UVIX[VIX恐慌指数2倍做多],-0.075,0
20230327,WEBS,WEBS[美国互联网指数3倍做空],0.014,0
20230324,YANG,YANG[富时中国3倍做空],0.008,0
20230324,UVIX,UVIX[VIX恐慌指数2倍做多],-0.077,0
20230324,WEBS,WEBS[美国互联网指数3倍做空],-0.001,0
20230323,UVIX,UVIX[VIX恐慌指数2倍做多],0.048,0
20230322,UVIX,UVIX[VIX恐慌指数2倍做多],0.078,0
20230321,UVIX,UVIX[VIX恐慌指数2倍做多],-0.18,0
20230320,UVIX,UVIX[VIX恐慌指数2倍做多],-0.089,0
20230317,UVIX,UVIX[VIX恐慌指数2倍做多],0.215,0
20230316,UVIX,UVIX[VIX恐慌指数2倍做多],-0.174,0
20230316,TSLQ,TSLQ[TSLA 1X SHORT],-0.021,0
20230316,WEBS,WEBS[美国互联网指数3倍做空],-0.09,0
20230315,SQQQ,SQQQ[纳斯达克3倍做空],-0.015,0
20230315,UVIX,UVIX[VIX恐慌指数2倍做多],0.161,0
20230315,WEBS,WEBS[美国互联网指数3倍做空],-0.037,0
20230314,SQQQ,SQQQ[纳斯达克3倍做空],-0.07,0
20230314,UVIX,UVIX[VIX恐慌指数2倍做多],-0.12,0
20230314,TSLQ,TSLQ[TSLA 1X SHORT],-0.054,0
20230314,WEBS,WEBS[美国互联网指数3倍做空],-0.071,0
20230313,UVIX,UVIX[VIX恐慌指数2倍做多],0.068,0
20230306,TSLA,"TSLA[Tesla, Inc.]",-0.02,0
20230302,TSLA,"TSLA[Tesla, Inc.]",-0.059,0
20230228,UVIX,UVIX[VIX恐慌指数2倍做多],-0.043,0
20230227,UVIX,UVIX[VIX恐慌指数2倍做多],-0.076,0
20230223,CONL,CONL[虚拟货币指数2倍做多],0.028,0
20230223,AMZN,"AMZN[Amazon.com, Inc.]",0.0,0
20230222,CONL,CONL[虚拟货币指数2倍做多],-0.022,0
20230222,AMZN,"AMZN[Amazon.com, Inc.]",0.013,0
20230221,CONL,CONL[虚拟货币指数2倍做多],-0.075,0
20230221,AMZN,"AMZN[Amazon.com, Inc.]",-0.027,0
20230217,CONL,CONL[虚拟货币指数2倍做多],-0.007,0
20230217,AMZN,"AMZN[Amazon.com, Inc.]",-0.01,0
20230216,CONL,CONL[虚拟货币指数2倍做多],-0.083,0
20230216,AMZN,"AMZN[Amazon.com, Inc.]",-0.03,0
20230215,CONL,CONL[虚拟货币指数2倍做多],0.261,0
20230215,AMZN,"AMZN[Amazon.com, Inc.]",0.015,0
20230214,CONL,CONL[虚拟货币指数2倍做多],0.07,0
20230214,AMZN,"AMZN[Amazon.com, Inc.]",0.002,0
20230213,CONL,CONL[虚拟货币指数2倍做多],-0.013,0
20230213,AMZN,"AMZN[Amazon.com, Inc.]",0.02,0
20230210,CONL,CONL[虚拟货币指数2倍做多],-0.07,0
20230210,GBTC,GBTC[比特币ETF],0.004,0
20230210,AMZN,"AMZN[Amazon.com, Inc.]",-0.006,0
20230209,CONL,CONL[虚拟货币指数2倍做多],-0.217,0
20230209,GBTC,GBTC[比特币ETF],-0.095,0
20230209,AMZN,"AMZN[Amazon.com, Inc.]",-0.018,0
20230208,CONL,CONL[虚拟货币指数2倍做多],-0.041,0
20230208,GBTC,GBTC[比特币ETF],-0.033,0
20230208,AMZN,"AMZN[Amazon.com, Inc.]",-0.02,0
20230207,CONL,CONL[虚拟货币指数2倍做多],-0.064,0
20230206,CONL,CONL[虚拟货币指数2倍做多],-0.002,0
20230203,CONL,CONL[虚拟货币指数2倍做多],-0.127,0
20230130,CONL,CONL[虚拟货币指数2倍做多],-0.126,0
20230126,CONL,CONL[虚拟货币指数2倍做多],0.008,0
20230125,CONL,CONL[虚拟货币指数2倍做多],-0.022,0
20230119,CONL,CONL[虚拟货币指数2倍做多],-0.019,0
20230118,CONL,CONL[虚拟货币指数2倍做多],-0.113,0
20230118,GBTC,GBTC[比特币ETF],-0.076,0
20230110,CONL,CONL[虚拟货币指数2倍做多],0.193,0
20230109,SOXS,SOXS[半导体指数3倍做空],-0.059,0
20230106,SOXS,SOXS[半导体指数3倍做空],-0.142,0
20230104,SOXS,SOXS[半导体指数3倍做空],-0.083,0
20221229,SOXS,SOXS[半导体指数3倍做空],-0.1,0
20221229,XPEV,"XPEV[XPeng, Inc.]",0.052,0
20221228,XPEV,"XPEV[XPeng, Inc.]",-0.042,0
20221227,XPEV,"XPEV[XPeng, Inc.]",-0.026,0
20221223,XPEV,"XPEV[XPeng, Inc.]",-0.071,0
20221223,BILI,"BILI[Bilibili, Inc.]",-0.018,0
20221222,XPEV,"XPEV[XPeng, Inc.]",-0.042,0
20221221,XPEV,"XPEV[XPeng, Inc.]",0.109,0
20221221,BILI,"BILI[Bilibili, Inc.]",0.052,0
20221220,AMD,"AMD[Advanced Micro Devices, Inc.]",0.007,0
20221220,XPEV,"XPEV[XPeng, Inc.]",0.055,0
20221220,BILI,"BILI[Bilibili, Inc.]",0.024,0
20221219,YINN,YINN[富时中国3倍做多],-0.016,0
20221219,AMD,"AMD[Advanced Micro Devices, Inc.]",-0.013,0
20221219,XPEV,"XPEV[XPeng, Inc.]",-0.062,0
20221219,BILI,"BILI[Bilibili, Inc.]",-0.059,0
20221216,YINN,YINN[富时中国3倍做多],0.006,0
20221216,AMD,"AMD[Advanced Micro Devices, Inc.]",-0.017,0
20221216,XPEV,"XPEV[XPeng, Inc.]",0.017,0
20221216,BILI,"BILI[Bilibili, Inc.]",0.023,0
20221215,YINN,YINN[富时中国3倍做多],-0.073,0
20221215,AMD,"AMD[Advanced Micro Devices, Inc.]",-0.035,0
20221215,XPEV,"XPEV[XPeng, Inc.]",-0.006,0
20221215,BILI,"BILI[Bilibili, Inc.]",-0.085,0
20221214,XPEV,"XPEV[XPeng, Inc.]",-0.012,0
20221213,XPEV,"XPEV[XPeng, Inc.]",-0.015,0
20221212,AMD,"AMD[Advanced Micro Devices, Inc.]",0.03,0
20221212,XPEV,"XPEV[XPeng, Inc.]",-0.043,0
20221212,BILI,"BILI[Bilibili, Inc.]",-0.095,0
20221209,SOXL,SOXL[半导体指数3倍做多],-0.025,0
20221209,AMD,"AMD[Advanced Micro Devices, Inc.]",-0.027,0
20221209,XPEV,"XPEV[XPeng, Inc.]",-0.074,0
20221208,SOXL,SOXL[半导体指数3倍做多],0.081,0
20221208,AMD,"AMD[Advanced Micro Devices, Inc.]",0.005,0
20221207,TQQQ,TQQQ[纳斯达克3倍做多],-0.013,0
20221207,SOXL,SOXL[半导体指数3倍做多],-0.002,0
20221207,AMD,"AMD[Advanced Micro Devices, Inc.]",-0.002,0
20221207,XPEV,"XPEV[XPeng, Inc.]",-0.059,0
20221206,TQQQ,TQQQ[纳斯达克3倍做多],-0.067,0
20221206,SOXL,SOXL[半导体指数3倍做多],-0.071,0
20221206,WEBL,WEBL[美国互联网指数3倍做多],-0.072,0
20221206,AMD,"AMD[Advanced Micro Devices, Inc.]",-0.046,0
20221206,XPEV,"XPEV[XPeng, Inc.]",0.031,0
20221205,SOXL,SOXL[半导体指数3倍做多],-0.035,0
20221205,XPEV,"XPEV[XPeng, Inc.]",-0.01,0
20221205,BILI,"BILI[Bilibili, Inc.]",-0.008,0
20221202,XPEV,"XPEV[XPeng, Inc.]",0.148,0
20221129,SOXL,SOXL[半导体指数3倍做多],-0.01,0
20221128,SOXL,SOXL[半导体指数3倍做多],-0.082,0
20221128,CHAU,CHAU[沪深300 2倍做多],-0.026,0
20221128,BABA,BABA[Alibaba Group Holding Ltd.],0.005,0
20221128,BILI,"BILI[Bilibili, Inc.]",0.021,0
20221125,SOXL,SOXL[半导体指数3倍做多],-0.036,0
20221125,CHAU,CHAU[沪深300 2倍做多],-0.021,0
20221125,BABA,BABA[Alibaba Group Holding Ltd.],-0.04,0
20221125,BILI,"BILI[Bilibili, Inc.]",-0.072,0
20221123,XPEV,"XPEV[XPeng, Inc.]",0.04,0
20221123,BILI,"BILI[Bilibili, Inc.]",0.01,0
20221122,SOXL,SOXL[半导体指数3倍做多],0.088,0
20221122,XPEV,"XPEV[XPeng, Inc.]",-0.04,0
20221122,BILI,"BILI[Bilibili, Inc.]",-0.027,0
20221121,SOXL,SOXL[半导体指数3倍做多],-0.05,0
20221121,XPEV,"XPEV[XPeng, Inc.]",-0.057,0
20221121,BILI,"BILI[Bilibili, Inc.]",-0.082,0
20221118,SOXL,SOXL[半导体指数3倍做多],0.01,0
20221118,XPEV,"XPEV[XPeng, Inc.]",-0.03,0
20221118,BILI,"BILI[Bilibili, Inc.]",-0.068,0
20221117,SOXL,SOXL[半导体指数3倍做多],0.02,0
20221117,XPEV,"XPEV[XPeng, Inc.]",-0.004,0
20221116,SOXL,SOXL[半导体指数3倍做多],-0.129,0
20221116,XPEV,"XPEV[XPeng, Inc.]",-0.11,0
20221109,SOXL,SOXL[半导体指数3倍做多],-0.095,0
20221103,TQQQ,TQQQ[纳斯达克3倍做多],-0.062,0
20221103,ASML,ASML[ASML Holding NV],-0.012,0
20221103,ADBE,"ADBE[Adobe, Inc.]",-0.051,0
20221103,ACN,ACN[Accenture Plc],-0.059,0
20221102,TQQQ,TQQQ[纳斯达克3倍做多],-0.11,0
20221101,TQQQ,TQQQ[纳斯达克3倍做多],-0.033,0
20221101,WEBL,WEBL[美国互联网指数3倍做多],-0.033,0
20221031,WEBL,WEBL[美国互联网指数3倍做多],-0.039,0
20221028,WEBL,WEBL[美国互联网指数3倍做多],0.012,0
20221027,TQQQ,TQQQ[纳斯达克3倍做多],-0.059,0
20221027,WEBL,WEBL[美国互联网指数3倍做多],-0.05,0
20221007,SOXS,SOXS[半导体指数3倍做空],0.179,0
20221007,WEBS,WEBS[美国互联网指数3倍做空],0.128,0
20221006,SQQQ,SQQQ[纳斯达克3倍做空],0.027,0
20221006,SOXS,SOXS[半导体指数3倍做空],0.019,0
20221006,UVIX,UVIX[VIX恐慌指数2倍做多],0.059,0
20221006,WEBS,WEBS[美国互联网指数3倍做空],0.002,0
20221005,SOXS,SOXS[半导体指数3倍做空],-0.028,0
20221005,UVIX,UVIX[VIX恐慌指数2倍做多],0.015,0
20221005,WEBS,WEBS[美国互联网指数3倍做空],0.006,0
20221004,UVIX,UVIX[VIX恐慌指数2倍做多],-0.077,0
20221004,WEBS,WEBS[美国互联网指数3倍做空],-0.145,0
20221003,UVIX,UVIX[VIX恐慌指数2倍做多],-0.088,0
20221003,WEBS,WEBS[美国互联网指数3倍做空],-0.069,0
20221003,PDD,"PDD[PDD Holdings, Inc.]",0.001,0
20220930,PDD,"PDD[PDD Holdings, Inc.]",0.03,0
20220929,PDD,"PDD[PDD Holdings, Inc.]",-0.035,0
20220928,UVIX,UVIX[VIX恐慌指数2倍做多],-0.085,0
20220928,WEBS,WEBS[美国互联网指数3倍做空],-0.11,0
20220928,PDD,"PDD[PDD Holdings, Inc.]",0.033,0
20220927,PDD,"PDD[PDD Holdings, Inc.]",0.005,0
20220926,PDD,"PDD[PDD Holdings, Inc.]",0.01,0
20220923,PDD,"PDD[PDD Holdings, Inc.]",-0.054,0
20220922,PDD,"PDD[PDD Holdings, Inc.]",0.016,0
20220921,PDD,"PDD[PDD Holdings, Inc.]",-0.055,0
20220919,UVIX,UVIX[VIX恐慌指数2倍做多],-0.051,0
20220915,WEBS,WEBS[美国互联网指数3倍做空],0.023,0
20220914,WEBS,WEBS[美国互联网指数3倍做空],-0.033,0
20220912,SQQQ,SQQQ[纳斯达克3倍做空],-0.038,0
20220912,SOXS,SOXS[半导体指数3倍做空],-0.011,0
20220909,SQQQ,SQQQ[纳斯达克3倍做空],-0.066,0
20220909,SOXS,SOXS[半导体指数3倍做空],-0.073,0
20220909,UVIX,UVIX[VIX恐慌指数2倍做多],-0.027,0
20220908,SOXS,SOXS[半导体指数3倍做空],-0.052,0
20220908,ERX,ERX[美国能源指数2倍做多],0.008,0
20220908,UVIX,UVIX[VIX恐慌指数2倍做多],-0.031,0
20220907,UVIX,UVIX[VIX恐慌指数2倍做多],-0.109,0
20220907,WEBS,WEBS[美国互联网指数3倍做空],-0.094,0
20220902,ERX,ERX[美国能源指数2倍做多],0.04,0
20220831,YINN,YINN[富时中国3倍做多],0.065,0
20220831,ERX,ERX[美国能源指数2倍做多],-0.018,0
20220831,BHP,BHP[BHP Group Ltd.],-0.011,0
20220830,YINN,YINN[富时中国3倍做多],-0.083,0
20220829,YINN,YINN[富时中国3倍做多],-0.03,0
20220825,GBTC,GBTC[比特币ETF],-0.014,0
20220824,GBTC,GBTC[比特币ETF],0.004,0
20220824,UBER,"UBER[Uber Technologies, Inc.]",0.032,0
20220824,MU,"MU[Micron Technology, Inc.]",0.008,0
20220823,GBTC,GBTC[比特币ETF],0.047,0
20220822,GBTC,GBTC[比特币ETF],-0.026,0
20220819,GBTC,GBTC[比特币ETF],-0.084,0
20220809,ERX,ERX[美国能源指数2倍做多],0.038,0
20220809,WEBL,WEBL[美国互联网指数3倍做多],-0.063,0
20220809,GBTC,GBTC[比特币ETF],-0.052,0
20220808,ERX,ERX[美国能源指数2倍做多],0.011,0
20220805,ERX,ERX[美国能源指数2倍做多],0.04,0
20220805,GBTC,GBTC[比特币ETF],0.017,0
20220804,ERX,ERX[美国能源指数2倍做多],-0.079,0
20220804,GBTC,GBTC[比特币ETF],-0.037,0
20220803,ERX,ERX[美国能源指数2倍做多],-0.063,0
20220802,GBTC,GBTC[比特币ETF],-0.002,0
20220801,GBTC,GBTC[比特币ETF],-0.04,0
20220727,YANG,YANG[富时中国3倍做空],-0.036,0
20220725,YANG,YANG[富时中国3倍做空],-0.025,0
20220721,YANG,YANG[富时中国3倍做空],-0.023,0
20220720,YANG,YANG[富时中国3倍做空],0.021,0
20220719,YANG,YANG[富时中国3倍做空],-0.033,0
20220718,YANG,YANG[富时中国3倍做空],-0.061,0
20220718,XPEV,"XPEV[XPeng, Inc.]",-0.045,0
20220715,XPEV,"XPEV[XPeng, Inc.]",-0.014,0
20220714,TQQQ,TQQQ[纳斯达克3倍做多],0.011,0
20220714,XPEV,"XPEV[XPeng, Inc.]",0.006,0
20220714,BILI,"BILI[Bilibili, Inc.]",-0.062,0
20220713,TQQQ,TQQQ[纳斯达克3倍做多],-0.007,0
20220713,PILL,PILL[美国医药指数3倍做多],0.003,0
20220713,WEBL,WEBL[美国互联网指数3倍做多],-0.009,0
20220713,XPEV,"XPEV[XPeng, Inc.]",0.018,0
20220712,YINN,YINN[富时中国3倍做多],-0.024,0
20220712,TQQQ,TQQQ[纳斯达克3倍做多],-0.031,0
20220712,PILL,PILL[美国医药指数3倍做多],-0.031,0
20220712,WEBL,WEBL[美国互联网指数3倍做多],-0.044,0
20220712,XPEV,"XPEV[XPeng, Inc.]",-0.001,0
20220711,YINN,YINN[富时中国3倍做多],-0.132,0
20220711,TQQQ,TQQQ[纳斯达克3倍做多],-0.067,0
20220711,WEBL,WEBL[美国互联网指数3倍做多],-0.1,0
20220711,NFLX,"NFLX[Netflix, Inc.]",-0.052,0
20220711,ADBE,"ADBE[Adobe, Inc.]",-0.014,0
20220711,WFC,WFC[Wells Fargo & Co.],-0.01,0
20220711,XPEV,"XPEV[XPeng, Inc.]",-0.09,0
20220711,BILI,"BILI[Bilibili, Inc.]",-0.1,0
20220708,TQQQ,TQQQ[纳斯达克3倍做多],0.005,0
20220708,WEBL,WEBL[美国互联网指数3倍做多],-0.017,0
20220708,WFC,WFC[Wells Fargo & Co.],0.002,0
20220708,BILI,"BILI[Bilibili, Inc.]",-0.042,0
20220707,TQQQ,TQQQ[纳斯达克3倍做多],0.065,0
20220707,WEBL,WEBL[美国互联网指数3倍做多],0.079,0
20220707,WFC,WFC[Wells Fargo & Co.],0.017,0
20220706,YINN,YINN[富时中国3倍做多],-0.043,0
20220706,NFLX,"NFLX[Netflix, Inc.]",-0.01,0
20220706,WFC,WFC[Wells Fargo & Co.],-0.016,0
20220706,XPEV,"XPEV[XPeng, Inc.]",-0.043,0
20220706,BILI,"BILI[Bilibili, Inc.]",-0.054,0
20220701,CRM,"CRM[Salesforce, Inc.]",0.019,0
20220701,NFLX,"NFLX[Netflix, Inc.]",0.029,0
20220701,XPEV,"XPEV[XPeng, Inc.]",-0.046,0
20220701,BILI,"BILI[Bilibili, Inc.]",0.045,0
20220630,PILL,PILL[美国医药指数3倍做多],-0.027,0
20220630,NFLX,"NFLX[Netflix, Inc.]",-0.02,0
20220630,BILI,"BILI[Bilibili, Inc.]",-0.018,0
20220629,NFLX,"NFLX[Netflix, Inc.]",-0.007,0
20220629,BILI,"BILI[Bilibili, Inc.]",-0.043,0
20220628,TSLA,"TSLA[Tesla, Inc.]",-0.05,0
20220628,NFLX,"NFLX[Netflix, Inc.]",-0.05,0
20220623,YINN,YINN[富时中国3倍做多],0.046,0
20220622,YINN,YINN[富时中国3倍做多],-0.057,0
20220622,BABA,BABA[Alibaba Group Holding Ltd.],-0.012,0
20220622,BILI,"BILI[Bilibili, Inc.]",-0.034,0
20220621,BABA,BABA[Alibaba Group Holding Ltd.],0.042,0
20220617,BABA,BABA[Alibaba Group Holding Ltd.],0.008,0
20220617,BILI,"BILI[Bilibili, Inc.]",0.019,0
20220616,BABA,BABA[Alibaba Group Holding Ltd.],-0.062,0
20220616,BILI,"BILI[Bilibili, Inc.]",-0.042,0
20220615,AMD,"AMD[Advanced Micro Devices, Inc.]",0.027,0
20220615,BABA,BABA[Alibaba Group Holding Ltd.],0.027,0
20220615,BILI,"BILI[Bilibili, Inc.]",0.044,0
20220614,AMD,"AMD[Advanced Micro Devices, Inc.]",0.0,0
20220614,BABA,BABA[Alibaba Group Holding Ltd.],0.07,0
20220614,HDB,HDB[HDFC Bank Ltd.],0.001,0
20220614,NOW,"NOW[ServiceNow, Inc.]",0.01,0
20220614,BILI,"BILI[Bilibili, Inc.]",0.099,0
20220613,GOOGL,"GOOGL[Alphabet, Inc.]",-0.043,0
20220613,AMD,"AMD[Advanced Micro Devices, Inc.]",-0.083,0
20220613,BABA,BABA[Alibaba Group Holding Ltd.],-0.106,0
20220613,HDB,HDB[HDFC Bank Ltd.],-0.051,0
20220613,NOW,"NOW[ServiceNow, Inc.]",-0.069,0
20220613,BILI,"BILI[Bilibili, Inc.]",-0.1,0
20220610,PILL,PILL[美国医药指数3倍做多],-0.077,0
20220610,NVDA,NVDA[NVIDIA Corp.],-0.06,0
20220610,NFLX,"NFLX[Netflix, Inc.]",-0.051,0
20220610,AMD,"AMD[Advanced Micro Devices, Inc.]",-0.04,0
20220610,PILL,PILL[美国医药指数3倍做多],-0.077,0
20220610,NVDA,NVDA[NVIDIA Corp.],-0.06,0
20220610,NFLX,"NFLX[Netflix, Inc.]",-0.051,0
20220610,AMD,"AMD[Advanced Micro Devices, Inc.]",-0.04,0
20220610,BILI,"BILI[Bilibili, Inc.]",0.031,0
20220609,PILL,PILL[美国医药指数3倍做多],-0.076,0
20220609,SCHW,SCHW[The Charles Schwab Corp.],-0.023,0
20220609,BILI,"BILI[Bilibili, Inc.]",-0.148,0
20220524,AMD,"AMD[Advanced Micro Devices, Inc.]",-0.041,0
20220509,QCOM,"QCOM[QUALCOMM, Inc.]",-0.042,0
20220503,XPEV,"XPEV[XPeng, Inc.]",0.009,0
20220502,XPEV,"XPEV[XPeng, Inc.]",0.032,0
20220426,ASML,ASML[ASML Holding NV],-0.067,0
20220425,ASML,ASML[ASML Holding NV],-0.013,0
20220421,TSLA,"TSLA[Tesla, Inc.]",0.032,0
20220420,TSLA,"TSLA[Tesla, Inc.]",-0.05,0
20220419,TSLA,"TSLA[Tesla, Inc.]",0.024,0
20220418,TSLA,"TSLA[Tesla, Inc.]",0.02,0
20220414,TSLA,"TSLA[Tesla, Inc.]",-0.037,0
20220413,TQQQ,TQQQ[纳斯达克3倍做多],0.062,0
20220413,TSLA,"TSLA[Tesla, Inc.]",0.036,0
20220412,TQQQ,TQQQ[纳斯达克3倍做多],-0.013,0
20220412,TSLA,"TSLA[Tesla, Inc.]",0.011,0
20220412,CRM,"CRM[Salesforce, Inc.]",-0.003,0
20220411,TQQQ,TQQQ[纳斯达克3倍做多],-0.073,0
20220411,TSLA,"TSLA[Tesla, Inc.]",-0.048,0
20220408,TQQQ,TQQQ[纳斯达克3倍做多],-0.042,0
20220408,TSLA,"TSLA[Tesla, Inc.]",-0.03,0
20220408,XPEV,"XPEV[XPeng, Inc.]",-0.034,0
20220407,TQQQ,TQQQ[纳斯达克3倍做多],0.007,0
20220407,WEBL,WEBL[美国互联网指数3倍做多],-0.013,0
20220407,XPEV,"XPEV[XPeng, Inc.]",-0.028,0
20220406,TQQQ,TQQQ[纳斯达克3倍做多],-0.067,0
20220406,WEBL,WEBL[美国互联网指数3倍做多],-0.109,0
20220406,ASML,ASML[ASML Holding NV],-0.028,0
20220405,SOXL,SOXL[半导体指数3倍做多],-0.135,0
20220404,SOXL,SOXL[半导体指数3倍做多],0.047,0
20220401,SOXL,SOXL[半导体指数3倍做多],-0.065,0
20220331,SOXL,SOXL[半导体指数3倍做多],-0.063,0
20220331,WEBL,WEBL[美国互联网指数3倍做多],-0.044,0
20220331,QCOM,"QCOM[QUALCOMM, Inc.]",0.001,0
20220331,BILI,"BILI[Bilibili, Inc.]",-0.094,0
20220330,QCOM,"QCOM[QUALCOMM, Inc.]",-0.054,0
20220330,BILI,"BILI[Bilibili, Inc.]",-0.05,0
20220329,BILI,"BILI[Bilibili, Inc.]",0.041,0
20220328,BILI,"BILI[Bilibili, Inc.]",0.037,0
20220325,BILI,"BILI[Bilibili, Inc.]",-0.092,0
20220324,BILI,"BILI[Bilibili, Inc.]",-0.039,0
20220323,SOXL,SOXL[半导体指数3倍做多],-0.074,0
20220323,WEBL,WEBL[美国互联网指数3倍做多],-0.049,0
20220321,GBTC,GBTC[比特币ETF],-0.035,0
20220317,GBTC,GBTC[比特币ETF],0.005,0
20220316,GBTC,GBTC[比特币ETF],0.044,0
20220225,PDD,"PDD[PDD Holdings, Inc.]",0.012,0
20220224,GBTC,GBTC[比特币ETF],0.037,0
20220224,PDD,"PDD[PDD Holdings, Inc.]",-0.015,0
20220223,GBTC,GBTC[比特币ETF],-0.012,0
20220222,GBTC,GBTC[比特币ETF],-0.05,0
20220222,NVDA,NVDA[NVIDIA Corp.],-0.011,0
20220222,BILI,"BILI[Bilibili, Inc.]",-0.095,0
20220218,CWEB,CWEB[中国互联网2倍做多],-0.1,0
20220218,GBTC,GBTC[比特币ETF],-0.037,0
20220218,NVDA,NVDA[NVIDIA Corp.],-0.035,0
20220218,BILI,"BILI[Bilibili, Inc.]",-0.062,0
20220217,CWEB,CWEB[中国互联网2倍做多],-0.02,0
20220217,GBTC,GBTC[比特币ETF],-0.089,0
20220217,BILI,"BILI[Bilibili, Inc.]",-0.034,0
20220215,CWEB,CWEB[中国互联网2倍做多],0.084,0
20220214,CWEB,CWEB[中国互联网2倍做多],-0.013,0
20220214,NVDA,NVDA[NVIDIA Corp.],0.013,0
20220211,CWEB,CWEB[中国互联网2倍做多],-0.07,0
20220211,NVDA,NVDA[NVIDIA Corp.],-0.073,0
20220210,CWEB,CWEB[中国互联网2倍做多],-0.033,0
20220203,UBER,"UBER[Uber Technologies, Inc.]",-0.071,0
20220202,UBER,"UBER[Uber Technologies, Inc.]",-0.037,0
20220125,BABA,BABA[Alibaba Group Holding Ltd.],-0.01,0
20220124,BABA,BABA[Alibaba Group Holding Ltd.],-0.024,0
20220121,BABA,BABA[Alibaba Group Holding Ltd.],-0.061,0
20220118,UBER,"UBER[Uber Technologies, Inc.]",-0.075,0
20220114,SOXS,SOXS[半导体指数3倍做空],-0.071,0
20220113,SOXS,SOXS[半导体指数3倍做空],0.07,0
20220107,PILL,PILL[美国医药指数3倍做多],0.006,0
20220106,PILL,PILL[美国医药指数3倍做多],-0.01,0
20220105,PILL,PILL[美国医药指数3倍做多],-0.058,0
20211215,SQQQ,SQQQ[纳斯达克3倍做空],-0.07,0
20211213,SQQQ,SQQQ[纳斯达克3倍做空],0.047,0
20211210,SQQQ,SQQQ[纳斯达克3倍做空],-0.034,0
20211209,SQQQ,SQQQ[纳斯达克3倍做空],0.044,0
20211208,SQQQ,SQQQ[纳斯达克3倍做空],-0.012,0
20211207,SQQQ,SQQQ[纳斯达克3倍做空],-0.096,0
20211005,PDD,"PDD[PDD Holdings, Inc.]",0.028,0
20211004,PDD,"PDD[PDD Holdings, Inc.]",-0.035,0
20211001,PDD,"PDD[PDD Holdings, Inc.]",-0.028,0
20210930,PDD,"PDD[PDD Holdings, Inc.]",0.018,0
20210929,PDD,"PDD[PDD Holdings, Inc.]",0.001,0
20210928,PDD,"PDD[PDD Holdings, Inc.]",-0.076,0
20210927,PDD,"PDD[PDD Holdings, Inc.]",0.019,0
20210924,PDD,"PDD[PDD Holdings, Inc.]",-0.038,0
20210922,PDD,"PDD[PDD Holdings, Inc.]",0.026,0
20210921,ERX,ERX[美国能源指数2倍做多],0.004,0
20210921,PDD,"PDD[PDD Holdings, Inc.]",0.01,0
20210920,ERX,ERX[美国能源指数2倍做多],-0.075,0
20210920,PDD,"PDD[PDD Holdings, Inc.]",-0.065,0
20210916,YINN,YINN[富时中国3倍做多],-0.047,0
20210915,YINN,YINN[富时中国3倍做多],-0.02,0
20210915,CWEB,CWEB[中国互联网2倍做多],-0.032,0
20210914,YINN,YINN[富时中国3倍做多],-0.067,0
20210914,CWEB,CWEB[中国互联网2倍做多],-0.061,0
20210913,CWEB,CWEB[中国互联网2倍做多],-0.037,0
20210910,CWEB,CWEB[中国互联网2倍做多],-0.027,0
20210827,WEBS,WEBS[美国互联网指数3倍做空],-0.044,0
20210826,WEBS,WEBS[美国互联网指数3倍做空],0.007,0
20210825,WEBS,WEBS[美国互联网指数3倍做空],-0.011,0
20210824,WEBS,WEBS[美国互联网指数3倍做空],-0.028,0
20210823,WEBS,WEBS[美国互联网指数3倍做空],-0.048,0
20210818,GBTC,GBTC[比特币ETF],-0.035,0
20210709,XPEV,"XPEV[XPeng, Inc.]",-0.002,0
20210708,XPEV,"XPEV[XPeng, Inc.]",-0.035,0
20210707,XPEV,"XPEV[XPeng, Inc.]",-0.059,0
20210622,XPEV,"XPEV[XPeng, Inc.]",-0.083,0
20210608,SQQQ,SQQQ[纳斯达克3倍做空],-0.001,0
20210608,PDD,"PDD[PDD Holdings, Inc.]",-0.007,0
20210607,SQQQ,SQQQ[纳斯达克3倍做空],-0.009,0
20210604,SQQQ,SQQQ[纳斯达克3倍做空],-0.054,0
20210603,SQQQ,SQQQ[纳斯达克3倍做空],0.032,0
20210602,SQQQ,SQQQ[纳斯达克3倍做空],-0.006,0
20210601,SQQQ,SQQQ[纳斯达克3倍做空],0.01,0
20210601,SOXS,SOXS[半导体指数3倍做空],0.012,0
20210528,SOXS,SOXS[半导体指数3倍做空],-0.023,0
20210527,SOXS,SOXS[半导体指数3倍做空],-0.018,0
20210526,SOXS,SOXS[半导体指数3倍做空],-0.01,0
20210525,SOXS,SOXS[半导体指数3倍做空],-0.009,0
20210524,SQQQ,SQQQ[纳斯达克3倍做空],-0.052,0
20210524,SOXS,SOXS[半导体指数3倍做空],-0.068,0
20210521,SOXS,SOXS[半导体指数3倍做空],0.013,0
20210520,SQQQ,SQQQ[纳斯达克3倍做空],-0.06,0
20210520,SOXS,SOXS[半导体指数3倍做空],-0.08,0
20210519,SOXS,SOXS[半导体指数3倍做空],-0.062,0
20210517,SOXS,SOXS[半导体指数3倍做空],0.023,0
20210514,SOXS,SOXS[半导体指数3倍做空],-0.088,0
20210511,TQQQ,TQQQ[纳斯达克3倍做多],-0.005,0
20210507,SOXS,SOXS[半导体指数3倍做空],-0.045,0
20210507,BILI,"BILI[Bilibili, Inc.]",-0.023,0
20210506,BILI,"BILI[Bilibili, Inc.]",-0.009,0
20210430,PDD,"PDD[PDD Holdings, Inc.]",-0.026,0
20210429,XPEV,"XPEV[XPeng, Inc.]",-0.037,0
20210428,XPEV,"XPEV[XPeng, Inc.]",0.003,0
20210427,XPEV,"XPEV[XPeng, Inc.]",-0.043,0
20210426,XPEV,"XPEV[XPeng, Inc.]",-0.009,0
20210423,XPEV,"XPEV[XPeng, Inc.]",0.029,0
20210407,XPEV,"XPEV[XPeng, Inc.]",-0.079,0
20210406,SQQQ,SQQQ[纳斯达克3倍做空],0.003,0
20210406,WEBS,WEBS[美国互联网指数3倍做空],-0.019,0
20210405,WEBS,WEBS[美国互联网指数3倍做空],-0.03,0
20210401,SQQQ,SQQQ[纳斯达克3倍做空],-0.053,0
20210401,WEBS,WEBS[美国互联网指数3倍做空],-0.076,0
20210331,SQQQ,SQQQ[纳斯达克3倍做空],-0.047,0
20210331,WEBS,WEBS[美国互联网指数3倍做空],-0.068,0
20210330,SQQQ,SQQQ[纳斯达克3倍做空],0.015,0
20210330,WEBS,WEBS[美国互联网指数3倍做空],0.012,0
20210329,SQQQ,SQQQ[纳斯达克3倍做空],0.002,0
20210329,WEBS,WEBS[美国互联网指数3倍做空],0.017,0
20210326,SQQQ,SQQQ[纳斯达克3倍做空],-0.046,0
20210326,WEBS,WEBS[美国互联网指数3倍做空],-0.049,0
20210325,SQQQ,SQQQ[纳斯达克3倍做空],0.005,0
20210325,WEBS,WEBS[美国互联网指数3倍做空],0.015,0
20210324,SQQQ,SQQQ[纳斯达克3倍做空],0.051,0
20210322,WEBS,WEBS[美国互联网指数3倍做空],-0.043,0
20210319,WEBS,WEBS[美国互联网指数3倍做空],-0.045,0
20210318,WEBS,WEBS[美国互联网指数3倍做空],0.108,0
20210317,SQQQ,SQQQ[纳斯达克3倍做空],-0.012,0
20210317,WEBS,WEBS[美国互联网指数3倍做空],-0.013,0
20210316,SQQQ,SQQQ[纳斯达克3倍做空],-0.017,0
20210316,WEBS,WEBS[美国互联网指数3倍做空],0.011,0
20210315,SQQQ,SQQQ[纳斯达克3倍做空],-0.033,0
20210315,SOXS,SOXS[半导体指数3倍做空],-0.069,0
20210315,WEBS,WEBS[美国互联网指数3倍做空],-0.036,0
20210312,SQQQ,SQQQ[纳斯达克3倍做空],0.025,0
20210312,SOXS,SOXS[半导体指数3倍做空],0.032,0
20210312,WEBS,WEBS[美国互联网指数3倍做空],0.035,0
20210311,YANG,YANG[富时中国3倍做空],-0.113,0
20210311,SQQQ,SQQQ[纳斯达克3倍做空],-0.071,0
20210311,SOXS,SOXS[半导体指数3倍做空],-0.124,0
20210311,WEBS,WEBS[美国互联网指数3倍做空],-0.117,0
20210310,SQQQ,SQQQ[纳斯达克3倍做空],0.008,0
20210310,SOXS,SOXS[半导体指数3倍做空],0.053,0
20210310,WEBS,WEBS[美国互联网指数3倍做空],0.012,0
20210309,SQQQ,SQQQ[纳斯达克3倍做空],-0.121,0
20210309,SOXS,SOXS[半导体指数3倍做空],-0.184,0
20210309,WEBS,WEBS[美国互联网指数3倍做空],-0.14,0
20210305,SOXS,SOXS[半导体指数3倍做空],-0.096,0
20210305,WEBS,WEBS[美国互联网指数3倍做空],-0.027,0
20210301,YANG,YANG[富时中国3倍做空],-0.09,0
20210301,SQQQ,SQQQ[纳斯达克3倍做空],-0.091,0
20210219,XPEV,"XPEV[XPeng, Inc.]",-0.007,0
20210217,XPEV,"XPEV[XPeng, Inc.]",-0.036,0
20210216,XPEV,"XPEV[XPeng, Inc.]",-0.04,0
20210212,XPEV,"XPEV[XPeng, Inc.]",-0.005,0
20210211,XPEV,"XPEV[XPeng, Inc.]",-0.013,0
20210210,XPEV,"XPEV[XPeng, Inc.]",-0.02,0
20210209,XPEV,"XPEV[XPeng, Inc.]",0.024,0
20210205,XPEV,"XPEV[XPeng, Inc.]",-0.025,0
20210204,XPEV,"XPEV[XPeng, Inc.]",0.013,0
20210203,XPEV,"XPEV[XPeng, Inc.]",0.011,0
20210202,XPEV,"XPEV[XPeng, Inc.]",-0.046,0
20210201,XPEV,"XPEV[XPeng, Inc.]",0.023,0
20210129,XPEV,"XPEV[XPeng, Inc.]",-0.039,0
20210128,XPEV,"XPEV[XPeng, Inc.]",0.004,0
20210127,XPEV,"XPEV[XPeng, Inc.]",-0.075,0
20210115,XPEV,"XPEV[XPeng, Inc.]",-0.049,0
20210114,WEBS,WEBS[美国互联网指数3倍做空],0.026,0
20210113,WEBS,WEBS[美国互联网指数3倍做空],-0.009,0
20210112,WEBS,WEBS[美国互联网指数3倍做空],-0.035,0
20210111,WEBS,WEBS[美国互联网指数3倍做空],0.035,0
20210108,WEBS,WEBS[美国互联网指数3倍做空],-0.036,0
20210107,WEBS,WEBS[美国互联网指数3倍做空],-0.08,0
20201231,YANG,YANG[富时中国3倍做空],-0.015,0
20201222,ERX,ERX[美国能源指数2倍做多],-0.051,0
20201221,ERX,ERX[美国能源指数2倍做多],-0.055,0
20201218,ERX,ERX[美国能源指数2倍做多],-0.048,0
20201217,ERX,ERX[美国能源指数2倍做多],-0.015,0
20201216,ERX,ERX[美国能源指数2倍做多],-0.013,0
20201215,ERX,ERX[美国能源指数2倍做多],0.057,0
20201214,ERX,ERX[美国能源指数2倍做多],-0.099,0
20201203,ERX,ERX[美国能源指数2倍做多],0.03,0
20201202,ERX,ERX[美国能源指数2倍做多],0.101,0
20201201,ERX,ERX[美国能源指数2倍做多],0.014,0
20201201,XOM,XOM[Exxon Mobil Corp.],0.015,0
20201130,ERX,ERX[美国能源指数2倍做多],-0.16,0
20201130,XOM,XOM[Exxon Mobil Corp.],-0.075,0
20201127,ERX,ERX[美国能源指数2倍做多],-0.036,0
20201118,ERX,ERX[美国能源指数2倍做多],-0.091,0
20201112,ERX,ERX[美国能源指数2倍做多],-0.119,0
20201020,YANG,YANG[富时中国3倍做空],-0.012,0
20201019,YANG,YANG[富时中国3倍做空],-0.001,0
20201016,YANG,YANG[富时中国3倍做空],-0.045,0
20201015,YANG,YANG[富时中国3倍做空],0.024,0
20201014,YANG,YANG[富时中国3倍做空],0.039,0
20201013,YANG,YANG[富时中国3倍做空],0.001,0
20201012,YANG,YANG[富时中国3倍做空],-0.08,0
20201009,YANG,YANG[富时中国3倍做空],-0.007,0
20201008,YANG,YANG[富时中国3倍做空],-0.017,0
20201007,YANG,YANG[富时中国3倍做空],-0.033,0
20201006,YANG,YANG[富时中国3倍做空],-0.02,0
20201002,YANG,YANG[富时中国3倍做空],0.035,0
20201001,YANG,YANG[富时中国3倍做空],-0.038,0
20200930,YANG,YANG[富时中国3倍做空],-0.062,0
20200928,SQQQ,SQQQ[纳斯达克3倍做空],-0.062,0
20200928,WEBS,WEBS[美国互联网指数3倍做空],-0.042,0
20200925,SQQQ,SQQQ[纳斯达克3倍做空],-0.071,0
20200925,SOXS,SOXS[半导体指数3倍做空],-0.044,0
20200925,WEBS,WEBS[美国互联网指数3倍做空],-0.081,0
20200922,SQQQ,SQQQ[纳斯达克3倍做空],-0.056,0
20200922,SOXS,SOXS[半导体指数3倍做空],-0.036,0
20200922,WEBS,WEBS[美国互联网指数3倍做空],-0.082,0
20200917,SOXS,SOXS[半导体指数3倍做空],0.004,0
20200916,SOXS,SOXS[半导体指数3倍做空],0.031,0
20200915,SQQQ,SQQQ[纳斯达克3倍做空],-0.044,0
20200915,SOXS,SOXS[半导体指数3倍做空],-0.054,0
20200821,XOM,XOM[Exxon Mobil Corp.],-0.011,0
20200820,XOM,XOM[Exxon Mobil Corp.],-0.022,0
20200819,XOM,XOM[Exxon Mobil Corp.],-0.016,0
20200818,ERX,ERX[美国能源指数2倍做多],-0.041,0
20200817,ERX,ERX[美国能源指数2倍做多],-0.019,0
20200813,ERX,ERX[美国能源指数2倍做多],-0.058,0
20200807,ERX,ERX[美国能源指数2倍做多],0.006,0
20200629,YANG,YANG[富时中国3倍做空],0.015,0
20200616,GE,GE[GE Aerospace],0.033,0
20200615,GE,GE[GE Aerospace],-0.001,0
20200612,GE,GE[GE Aerospace],0.045,0
20200611,GE,GE[GE Aerospace],-0.089,0
20200610,GE,GE[GE Aerospace],-0.053,0
20200529,GBTC,GBTC[比特币ETF],0.001,0
20200529,GE,GE[GE Aerospace],-0.032,0
20200528,GBTC,GBTC[比特币ETF],0.032,0
20200527,GBTC,GBTC[比特币ETF],0.035,0
20200526,GBTC,GBTC[比特币ETF],-0.045,0
20200526,HDB,HDB[HDFC Bank Ltd.],0.026,0
20200522,CWEB,CWEB[中国互联网2倍做多],-0.08,0
20200522,GBTC,GBTC[比特币ETF],0.008,0
20200522,HDB,HDB[HDFC Bank Ltd.],-0.014,0
20200521,GBTC,GBTC[比特币ETF],-0.057,0
20200515,GBTC,GBTC[比特币ETF],-0.064,0
20200515,ABT,ABT[Abbott Laboratories],-0.023,0
20200515,CAT,"CAT[Caterpillar, Inc.]",0.02,0
20200515,TXN,TXN[Texas Instruments Incorporated],-0.023,0
20200515,HDB,HDB[HDFC Bank Ltd.],-0.033,0
20200515,GS,"GS[The Goldman Sachs Group, Inc.]",-0.019,0
20200515,MU,"MU[Micron Technology, Inc.]",-0.03,0
20200514,WEBL,WEBL[美国互联网指数3倍做多],0.016,0
20200514,XOM,XOM[Exxon Mobil Corp.],0.013,0
20200514,CAT,"CAT[Caterpillar, Inc.]",0.02,0
20200514,MS,MS[Morgan Stanley],0.032,0
20200514,HDB,HDB[HDFC Bank Ltd.],-0.011,0
20200514,COP,COP[ConocoPhillips],0.002,0
20200514,GS,"GS[The Goldman Sachs Group, Inc.]",0.019,0
20200514,TOT,TOT[TotalEnergies SE],0.014,0
20200513,TQQQ,TQQQ[纳斯达克3倍做多],-0.041,0
20200513,WEBL,WEBL[美国互联网指数3倍做多],-0.059,0
20200513,CAT,"CAT[Caterpillar, Inc.]",-0.006,0
20200513,MS,MS[Morgan Stanley],-0.053,0
20200513,CMCSA,CMCSA[Comcast Corp.],-0.012,0
20200513,HDB,HDB[HDFC Bank Ltd.],-0.065,0
20200513,GS,"GS[The Goldman Sachs Group, Inc.]",-0.038,0
20200513,MU,"MU[Micron Technology, Inc.]",-0.049,0
20200512,WEBL,WEBL[美国互联网指数3倍做多],-0.06,0
20200512,GBTC,GBTC[比特币ETF],0.033,0
20200512,BAC,BAC[Bank of America Corp.],-0.037,0
20200512,AXP,AXP[American Express Co.],-0.029,0
20200512,CMCSA,CMCSA[Comcast Corp.],-0.026,0
20200512,HDB,HDB[HDFC Bank Ltd.],0.053,0
20200511,GBTC,GBTC[比特币ETF],-0.101,0
20200511,BAC,BAC[Bank of America Corp.],-0.05,0
20200511,AXP,AXP[American Express Co.],-0.052,0
20200507,BAC,BAC[Bank of America Corp.],0.026,0
20200507,AXP,AXP[American Express Co.],0.036,0
20200506,BAC,BAC[Bank of America Corp.],-0.016,0
20200506,AXP,AXP[American Express Co.],-0.035,0
20200506,MS,MS[Morgan Stanley],-0.026,0
20200505,BAC,BAC[Bank of America Corp.],-0.014,0
20200505,AXP,AXP[American Express Co.],0.005,0
20200505,MS,MS[Morgan Stanley],-0.004,0
20200505,BHP,BHP[BHP Group Ltd.],0.014,0
20200504,MRK,"MRK[Merck & Co., Inc.]",-0.012,0
20200504,BAC,BAC[Bank of America Corp.],-0.008,0
20200504,ABT,ABT[Abbott Laboratories],-0.0,0
20200504,AXP,AXP[American Express Co.],-0.024,0
20200504,MS,MS[Morgan Stanley],-0.012,0
20200504,GS,"GS[The Goldman Sachs Group, Inc.]",-0.008,0
20200504,TOT,TOT[TotalEnergies SE],0.004,0
20200501,WEBL,WEBL[美国互联网指数3倍做多],-0.103,0
20200501,XOM,XOM[Exxon Mobil Corp.],-0.107,0
20200501,ABT,ABT[Abbott Laboratories],-0.027,0
20200501,COP,COP[ConocoPhillips],-0.104,0
20200501,BHP,BHP[BHP Group Ltd.],-0.101,0
20200428,WEBL,WEBL[美国互联网指数3倍做多],-0.067,0
20200428,AXP,AXP[American Express Co.],0.041,0
20200427,AXP,AXP[American Express Co.],0.025,0
20200424,BAC,BAC[Bank of America Corp.],0.017,0
20200424,AXP,AXP[American Express Co.],0.01,0
20200424,MS,MS[Morgan Stanley],0.02,0
20200423,WEBL,WEBL[美国互联网指数3倍做多],-0.004,0
20200423,AXP,AXP[American Express Co.],-0.001,0
20200423,MS,MS[Morgan Stanley],-0.013,0
20200422,WEBL,WEBL[美国互联网指数3倍做多],0.146,0
20200422,XOM,XOM[Exxon Mobil Corp.],0.045,0
20200422,BAC,BAC[Bank of America Corp.],0.009,0
20200422,AXP,AXP[American Express Co.],0.014,0
20200422,MS,MS[Morgan Stanley],0.034,0
20200422,COP,COP[ConocoPhillips],0.092,0
20200422,BHP,BHP[BHP Group Ltd.],0.05,0
20200421,PILL,PILL[美国医药指数3倍做多],-0.097,0
20200421,WEBL,WEBL[美国互联网指数3倍做多],-0.133,0
20200421,TSLA,"TSLA[Tesla, Inc.]",-0.08,0
20200421,XOM,XOM[Exxon Mobil Corp.],-0.008,0
20200421,MA,"MA[Mastercard, Inc.]",-0.026,0
20200421,CVX,CVX[Chevron Corp.],-0.032,0
20200421,AMAT,"AMAT[Applied Materials, Inc.]",-0.05,0
20200421,MS,MS[Morgan Stanley],-0.053,0
20200421,COP,COP[ConocoPhillips],-0.066,0
20200421,BHP,BHP[BHP Group Ltd.],-0.095,0
20200420,WEBL,WEBL[美国互联网指数3倍做多],0.033,0
20200420,MA,"MA[Mastercard, Inc.]",-0.033,0
20200420,MS,MS[Morgan Stanley],-0.027,0
20200416,MA,"MA[Mastercard, Inc.]",-0.042,0
20200416,CVX,CVX[Chevron Corp.],-0.043,0
20200416,MS,MS[Morgan Stanley],-0.002,0
20200415,CVX,CVX[Chevron Corp.],-0.035,0
20200415,MS,MS[Morgan Stanley],-0.052,0
20200414,AXP,AXP[American Express Co.],-0.024,0
20200406,WEBS,WEBS[美国互联网指数3倍做空],-0.227,0
20200403,WEBS,WEBS[美国互联网指数3倍做空],0.029,0
20200403,UPS,"UPS[United Parcel Service, Inc.]",-0.043,0
20200402,WEBS,WEBS[美国互联网指数3倍做空],-0.01,0
20200402,UPS,"UPS[United Parcel Service, Inc.]",0.039,0
20200401,WEBS,WEBS[美国互联网指数3倍做空],0.114,0
20200401,UPS,"UPS[United Parcel Service, Inc.]",-0.043,0
20200331,WEBS,WEBS[美国互联网指数3倍做空],0.037,0
20200331,UPS,"UPS[United Parcel Service, Inc.]",-0.059,0
20200330,WEBS,WEBS[美国互联网指数3倍做空],-0.076,0
20200327,WEBS,WEBS[美国互联网指数3倍做空],0.09,0
20200326,WEBS,WEBS[美国互联网指数3倍做空],-0.15,0
20200325,WEBS,WEBS[美国互联网指数3倍做空],0.011,0
20200325,UPS,"UPS[United Parcel Service, Inc.]",-0.011,0
20200324,WEBS,WEBS[美国互联网指数3倍做空],-0.173,0
20200323,WEBS,WEBS[美国互联网指数3倍做空],0.014,0
20200323,UPS,"UPS[United Parcel Service, Inc.]",-0.022,0
20200320,WEBS,WEBS[美国互联网指数3倍做空],0.032,0
20200320,UPS,"UPS[United Parcel Service, Inc.]",-0.038,0
20200319,WEBS,WEBS[美国互联网指数3倍做空],-0.127,0
20200319,UPS,"UPS[United Parcel Service, Inc.]",-0.039,0
20200318,WEBS,WEBS[美国互联网指数3倍做空],0.005,0
20200317,WEBS,WEBS[美国互联网指数3倍做空],-0.346,0
20200313,SOXS,SOXS[半导体指数3倍做空],-0.331,0
20200313,WEBS,WEBS[美国互联网指数3倍做空],-0.24,0
20200312,WEBS,WEBS[美国互联网指数3倍做空],0.281,0
20200310,SOXS,SOXS[半导体指数3倍做空],-0.19,0
20200306,SOXS,SOXS[半导体指数3倍做空],0.062,0
20200305,YANG,YANG[富时中国3倍做空],0.012,0
20200305,SOXS,SOXS[半导体指数3倍做空],0.089,0
20200304,SOXS,SOXS[半导体指数3倍做空],-0.149,0
20200303,SOXS,SOXS[半导体指数3倍做空],0.103,0
20200302,YANG,YANG[富时中国3倍做空],-0.03,0
20200302,SOXS,SOXS[半导体指数3倍做空],-0.1,0
20200228,SOXS,SOXS[半导体指数3倍做空],-0.071,0
20200221,YANG,YANG[富时中国3倍做空],0.006,0
20200220,YANG,YANG[富时中国3倍做空],0.027,0
20200219,YANG,YANG[富时中国3倍做空],-0.021,0
20200218,YANG,YANG[富时中国3倍做空],0.01,0
20200214,YANG,YANG[富时中国3倍做空],0.003,0
20200213,YANG,YANG[富时中国3倍做空],0.039,0
20200212,YANG,YANG[富时中国3倍做空],-0.041,0
20200211,YANG,YANG[富时中国3倍做空],-0.058,0
20200210,YANG,YANG[富时中国3倍做空],-0.022,0
20200210,SOXS,SOXS[半导体指数3倍做空],-0.046,0
20200207,YANG,YANG[富时中国3倍做空],0.032,0
20200206,YANG,YANG[富时中国3倍做空],-0.019,0
20200205,YANG,YANG[富时中国3倍做空],-0.014,0
20200205,SOXS,SOXS[半导体指数3倍做空],-0.066,0
20200204,YANG,YANG[富时中国3倍做空],-0.083,0
20200204,SOXS,SOXS[半导体指数3倍做空],-0.095,0
20200123,GBTC,GBTC[比特币ETF],-0.057,0
20191210,SOXS,SOXS[半导体指数3倍做空],-0.01,0
20191209,SOXS,SOXS[半导体指数3倍做空],0.016,0
20191206,SOXS,SOXS[半导体指数3倍做空],-0.047,0
20191126,UBER,"UBER[Uber Technologies, Inc.]",0.014,0
20191119,GBTC,GBTC[比特币ETF],-0.049,0
20191118,GBTC,GBTC[比特币ETF],-0.016,0
20191115,GBTC,GBTC[比特币ETF],-0.019,0
20191114,GBTC,GBTC[比特币ETF],-0.019,0
20191113,GBTC,GBTC[比特币ETF],-0.002,0
20191112,GBTC,GBTC[比特币ETF],-0.007,0
20191021,ERX,ERX[美国能源指数2倍做多],0.057,0
20191018,ERX,ERX[美国能源指数2倍做多],-0.017,0
20191018,COP,COP[ConocoPhillips],-0.014,0
20191017,ERX,ERX[美国能源指数2倍做多],0.001,0
20191017,COP,COP[ConocoPhillips],-0.002,0
20191016,ERX,ERX[美国能源指数2倍做多],-0.044,0
20191016,COP,COP[ConocoPhillips],-0.022,0
20191015,ERX,ERX[美国能源指数2倍做多],0.013,0
20191015,COP,COP[ConocoPhillips],-0.004,0
20191014,COP,COP[ConocoPhillips],-0.007,0
20191011,COP,COP[ConocoPhillips],0.013,0
20191010,COP,COP[ConocoPhillips],0.023,0
20191009,COP,COP[ConocoPhillips],0.026,0
20191008,COP,COP[ConocoPhillips],-0.017,0
20191007,COP,COP[ConocoPhillips],0.028,0
20191004,COP,COP[ConocoPhillips],-0.004,0
20191003,COP,COP[ConocoPhillips],0.015,0
20191002,COP,COP[ConocoPhillips],-0.051,0
20190927,PILL,PILL[美国医药指数3倍做多],-0.029,0
20190927,COP,COP[ConocoPhillips],0.005,0
20190926,YINN,YINN[富时中国3倍做多],-0.022,0
20190926,PILL,PILL[美国医药指数3倍做多],-0.061,0
20190926,COP,COP[ConocoPhillips],-0.04,0
20190925,YINN,YINN[富时中国3倍做多],0.009,0
20190924,YINN,YINN[富时中国3倍做多],-0.035,0
20190906,SQQQ,SQQQ[纳斯达克3倍做空],0.003,0
20190905,SQQQ,SQQQ[纳斯达克3倍做空],-0.056,0
20190904,SQQQ,SQQQ[纳斯达克3倍做空],-0.042,0
20190903,SQQQ,SQQQ[纳斯达克3倍做空],0.029,0
20190830,SQQQ,SQQQ[纳斯达克3倍做空],0.007,0
20190829,SQQQ,SQQQ[纳斯达克3倍做空],-0.047,0
20190828,SQQQ,SQQQ[纳斯达克3倍做空],-0.009,0
20190822,SQQQ,SQQQ[纳斯达克3倍做空],0.01,0
20190821,SQQQ,SQQQ[纳斯达克3倍做空],-0.026,0
20190821,SOXS,SOXS[半导体指数3倍做空],-0.028,0
20190820,SQQQ,SQQQ[纳斯达克3倍做空],0.02,0
20190820,SOXS,SOXS[半导体指数3倍做空],0.015,0
20190819,SQQQ,SQQQ[纳斯达克3倍做空],-0.046,0
20190819,SOXS,SOXS[半导体指数3倍做空],-0.056,0
20190816,SQQQ,SQQQ[纳斯达克3倍做空],-0.048,0
20190816,SOXS,SOXS[半导体指数3倍做空],-0.082,0
20190813,SQQQ,SQQQ[纳斯达克3倍做空],-0.067,0
20190813,SOXS,SOXS[半导体指数3倍做空],-0.089,0
20190809,SQQQ,SQQQ[纳斯达克3倍做空],0.029,0
20190809,SOXS,SOXS[半导体指数3倍做空],0.055,0
20190808,SQQQ,SQQQ[纳斯达克3倍做空],-0.068,0
20190808,SOXS,SOXS[半导体指数3倍做空],-0.081,0
20190808,MU,"MU[Micron Technology, Inc.]",0.022,0
20190807,MU,"MU[Micron Technology, Inc.]",-0.021,0
20190806,AVGO,AVGO[Broadcom Inc.],-0.007,0
20190806,MU,"MU[Micron Technology, Inc.]",0.017,0
20190805,MU,"MU[Micron Technology, Inc.]",-0.05,0
20190801,MU,"MU[Micron Technology, Inc.]",-0.03,0
20190731,SOXL,SOXL[半导体指数3倍做多],-0.101,0
20190718,ERX,ERX[美国能源指数2倍做多],0.001,0
20190711,SOXL,SOXL[半导体指数3倍做多],0.008,0
20190711,AVGO,AVGO[Broadcom Inc.],0.008,0
20190710,SOXL,SOXL[半导体指数3倍做多],0.022,0
20190710,AVGO,AVGO[Broadcom Inc.],-0.005,0
20190709,SOXL,SOXL[半导体指数3倍做多],0.024,0
20190709,AVGO,AVGO[Broadcom Inc.],0.003,0
20190708,SOXL,SOXL[半导体指数3倍做多],-0.026,0
20190708,AVGO,AVGO[Broadcom Inc.],-0.038,0
20190705,SOXL,SOXL[半导体指数3倍做多],-0.017,0
20190703,SOXL,SOXL[半导体指数3倍做多],-0.016,0
20190702,SOXL,SOXL[半导体指数3倍做多],-0.044,0
20190625,SOXL,SOXL[半导体指数3倍做多],-0.045,0
20190618,SOXS,SOXS[半导体指数3倍做空],-0.131,0
20190617,SOXS,SOXS[半导体指数3倍做空],0.021,0
20190614,SOXS,SOXS[半导体指数3倍做空],0.078,0
20190613,SOXS,SOXS[半导体指数3倍做空],-0.016,0
20190612,SOXS,SOXS[半导体指数3倍做空],0.07,0
20190611,SOXS,SOXS[半导体指数3倍做空],-0.005,0
20190610,SOXS,SOXS[半导体指数3倍做空],-0.08,0
20190607,SOXS,SOXS[半导体指数3倍做空],-0.034,0
20190606,SOXS,SOXS[半导体指数3倍做空],-0.04,0
20190605,SOXS,SOXS[半导体指数3倍做空],0.02,0
20190604,SOXS,SOXS[半导体指数3倍做空],-0.129,0
20190510,PILL,PILL[美国医药指数3倍做多],-0.024,0
20190509,PILL,PILL[美国医药指数3倍做多],0.0,0
20190508,PILL,PILL[美国医药指数3倍做多],0.023,0
20190507,PILL,PILL[美国医药指数3倍做多],-0.088,0
20190315,YANG,YANG[富时中国3倍做空],-0.04,0
20190211,UCO,UCO[原油2倍做多],-0.013,0
20190129,NVDA,NVDA[NVIDIA Corp.],-0.048,0
20190128,NVDA,NVDA[NVIDIA Corp.],-0.142,0
20190114,TQQQ,TQQQ[纳斯达克3倍做多],-0.03,0
20190114,PILL,PILL[美国医药指数3倍做多],-0.037,0
20190111,TQQQ,TQQQ[纳斯达克3倍做多],-0.014,0
20190111,PILL,PILL[美国医药指数3倍做多],0.016,0
20190110,TQQQ,TQQQ[纳斯达克3倍做多],0.011,0
20190110,PILL,PILL[美国医药指数3倍做多],0.001,0
20190109,PILL,PILL[美国医药指数3倍做多],0.005,0
20181221,AMD,"AMD[Advanced Micro Devices, Inc.]",-0.056,0
20181221,PDD,"PDD[PDD Holdings, Inc.]",-0.017,0
20181220,AMD,"AMD[Advanced Micro Devices, Inc.]",-0.012,0
20181220,BABA,BABA[Alibaba Group Holding Ltd.],-0.015,0
20181220,PDD,"PDD[PDD Holdings, Inc.]",-0.037,0
20181220,AMAT,"AMAT[Applied Materials, Inc.]",-0.024,0
20181219,AMD,"AMD[Advanced Micro Devices, Inc.]",-0.069,0
20181219,BABA,BABA[Alibaba Group Holding Ltd.],-0.027,0
20181219,PDD,"PDD[PDD Holdings, Inc.]",-0.03,0
20181219,AMAT,"AMAT[Applied Materials, Inc.]",-0.063,0
20181218,AMD,"AMD[Advanced Micro Devices, Inc.]",0.036,0
20181218,BABA,BABA[Alibaba Group Holding Ltd.],-0.022,0
20181218,AMAT,"AMAT[Applied Materials, Inc.]",0.023,0
20181217,AMZN,"AMZN[Amazon.com, Inc.]",-0.045,0
20181217,CRM,"CRM[Salesforce, Inc.]",-0.046,0
20181217,BABA,BABA[Alibaba Group Holding Ltd.],-0.034,0
20181217,PDD,"PDD[PDD Holdings, Inc.]",-0.04,0
20181217,AMAT,"AMAT[Applied Materials, Inc.]",0.001,0
20181214,AMD,"AMD[Advanced Micro Devices, Inc.]",0.002,0
20181214,BABA,BABA[Alibaba Group Holding Ltd.],-0.017,0
20181214,AMAT,"AMAT[Applied Materials, Inc.]",-0.038,0
20181213,AMD,"AMD[Advanced Micro Devices, Inc.]",-0.03,0
20181213,AMAT,"AMAT[Applied Materials, Inc.]",-0.017,0
20181212,AMD,"AMD[Advanced Micro Devices, Inc.]",0.025,0
20181212,AMAT,"AMAT[Applied Materials, Inc.]",0.006,0
20181211,AMD,"AMD[Advanced Micro Devices, Inc.]",-0.001,0
20181211,PDD,"PDD[PDD Holdings, Inc.]",0.035,0
20181211,AMAT,"AMAT[Applied Materials, Inc.]",-0.005,0
20181210,PDD,"PDD[PDD Holdings, Inc.]",-0.024,0
20181210,AMAT,"AMAT[Applied Materials, Inc.]",0.019,0
20181207,PILL,PILL[美国医药指数3倍做多],-0.053,0
20181207,AMD,"AMD[Advanced Micro Devices, Inc.]",-0.086,0
20181207,PDD,"PDD[PDD Holdings, Inc.]",-0.086,0
20181207,AMAT,"AMAT[Applied Materials, Inc.]",-0.036,0
20181206,SOXL,SOXL[半导体指数3倍做多],-0.018,0
20181206,PILL,PILL[美国医药指数3倍做多],-0.018,0
20181206,AMAT,"AMAT[Applied Materials, Inc.]",-0.025,0
20181204,SOXL,SOXL[半导体指数3倍做多],-0.158,0
20181204,AMD,"AMD[Advanced Micro Devices, Inc.]",-0.109,0
20181204,MU,"MU[Micron Technology, Inc.]",-0.082,0
20181130,CWEB,CWEB[中国互联网2倍做多],0.054,0
20181126,PDD,"PDD[PDD Holdings, Inc.]",-0.057,0
20181120,CWEB,CWEB[中国互联网2倍做多],-0.052,0
20181119,CWEB,CWEB[中国互联网2倍做多],-0.06,0
20181116,CWEB,CWEB[中国互联网2倍做多],-0.019,0
20181115,CWEB,CWEB[中国互联网2倍做多],0.07,0
20181114,CWEB,CWEB[中国互联网2倍做多],0.048,0
20181112,CWEB,CWEB[中国互联网2倍做多],-0.048,0
20181109,CWEB,CWEB[中国互联网2倍做多],-0.088,0
20181108,CWEB,CWEB[中国互联网2倍做多],-0.108,0
20181017,SQQQ,SQQQ[纳斯达克3倍做空],-0.005,0
20181016,SQQQ,SQQQ[纳斯达克3倍做空],-0.089,0
20181012,SQQQ,SQQQ[纳斯达克3倍做空],-0.087,0
20181010,AVGO,AVGO[Broadcom Inc.],-0.082,0
20180925,BILI,"BILI[Bilibili, Inc.]",0.046,0
20180924,BILI,"BILI[Bilibili, Inc.]",-0.035,0
20180921,BILI,"BILI[Bilibili, Inc.]",-0.075,0
20180911,BILI,"BILI[Bilibili, Inc.]",0.047,0
20180910,BILI,"BILI[Bilibili, Inc.]",-0.034,0
20180907,BILI,"BILI[Bilibili, Inc.]",0.027,0
20180906,YINN,YINN[富时中国3倍做多],0.001,0
20180906,BILI,"BILI[Bilibili, Inc.]",0.001,0
20180905,YINN,YINN[富时中国3倍做多],-0.058,0
20180905,BILI,"BILI[Bilibili, Inc.]",-0.089,0
20180904,YINN,YINN[富时中国3倍做多],-0.017,0
20180904,BILI,"BILI[Bilibili, Inc.]",-0.026,0
20180810,YINN,YINN[富时中国3倍做多],-0.036,0
20180808,YINN,YINN[富时中国3倍做多],-0.006,0
20180806,SQQQ,SQQQ[纳斯达克3倍做空],-0.02,0
20180803,SQQQ,SQQQ[纳斯达克3倍做空],-0.01,0
20180802,YINN,YINN[富时中国3倍做多],-0.044,0
20180802,SQQQ,SQQQ[纳斯达克3倍做空],-0.043,0
20180801,YINN,YINN[富时中国3倍做多],-0.066,0
20180801,SQQQ,SQQQ[纳斯达克3倍做空],-0.016,0
20180731,SQQQ,SQQQ[纳斯达克3倍做空],-0.02,0
20180727,SOXS,SOXS[半导体指数3倍做空],0.016,0
20180725,SOXS,SOXS[半导体指数3倍做空],-0.018,0
20180724,SOXS,SOXS[半导体指数3倍做空],0.037,0
20180723,SOXS,SOXS[半导体指数3倍做空],-0.005,0
20180720,SOXS,SOXS[半导体指数3倍做空],0.018,0
20180719,SOXS,SOXS[半导体指数3倍做空],0.008,0
20180718,SOXS,SOXS[半导体指数3倍做空],-0.024,0
20180717,SOXS,SOXS[半导体指数3倍做空],-0.049,0
20180716,SOXS,SOXS[半导体指数3倍做空],0.005,0
20180713,SOXS,SOXS[半导体指数3倍做空],0.014,0
20180712,SOXS,SOXS[半导体指数3倍做空],-0.024,0
20180711,SOXS,SOXS[半导体指数3倍做空],0.087,0
20180710,SQQQ,SQQQ[纳斯达克3倍做空],-0.002,0
20180710,SOXS,SOXS[半导体指数3倍做空],-0.034,0
20180709,YANG,YANG[富时中国3倍做空],-0.064,0
20180709,SQQQ,SQQQ[纳斯达克3倍做空],-0.031,0
20180709,SOXS,SOXS[半导体指数3倍做空],-0.022,0
20180706,SQQQ,SQQQ[纳斯达克3倍做空],-0.047,0
20180706,SOXS,SOXS[半导体指数3倍做空],-0.04,0
20180321,YANG,YANG[富时中国3倍做空],0.014,0
20180320,YANG,YANG[富时中国3倍做空],-0.04,0
20180319,YANG,YANG[富时中国3倍做空],0.036,0
20180316,YANG,YANG[富时中国3倍做空],-0.011,0
20180315,YANG,YANG[富时中国3倍做空],-0.017,0
20180314,YANG,YANG[富时中国3倍做空],-0.011,0
20180313,YANG,YANG[富时中国3倍做空],0.04,0
20180221,SOXS,SOXS[半导体指数3倍做空],0.039,0
20180220,SOXS,SOXS[半导体指数3倍做空],-0.06,0
20180216,SOXS,SOXS[半导体指数3倍做空],0.014,0
20180215,SOXS,SOXS[半导体指数3倍做空],-0.041,0
20180214,SOXS,SOXS[半导体指数3倍做空],-0.073,0
20180213,SOXS,SOXS[半导体指数3倍做空],0.002,0
20180212,SOXS,SOXS[半导体指数3倍做空],-0.063,0
20180209,SOXS,SOXS[半导体指数3倍做空],-0.095,0
20180206,SOXS,SOXS[半导体指数3倍做空],-0.119,0
20180103,SOXS,SOXS[半导体指数3倍做空],-0.055,0
20180102,SOXS,SOXS[半导体指数3倍做空],-0.088,0
20171229,SOXS,SOXS[半导体指数3倍做空],0.032,0
20171228,SOXS,SOXS[半导体指数3倍做空],-0.006,0
20171227,SOXS,SOXS[半导体指数3倍做空],-0.011,0
20171226,SOXS,SOXS[半导体指数3倍做空],0.03,0
20171219,SOXS,SOXS[半导体指数3倍做空],0.003,0
20171218,SOXS,SOXS[半导体指数3倍做空],-0.072,0
20171213,YANG,YANG[富时中国3倍做空],-0.065,0
20170815,UCO,UCO[原油2倍做多],0.005,0
20170807,SOXS,SOXS[半导体指数3倍做空],-0.056,0
20170804,SOXS,SOXS[半导体指数3倍做空],-0.003,0
20170803,SOXS,SOXS[半导体指数3倍做空],0.014,0
20170802,SOXS,SOXS[半导体指数3倍做空],0.022,0
20170712,SOXS,SOXS[半导体指数3倍做空],-0.049,0
20170710,SOXS,SOXS[半导体指数3倍做空],-0.038,0
20170424,SOXS,SOXS[半导体指数3倍做空],-0.043,0
20170420,SOXS,SOXS[半导体指数3倍做空],-0.047,0
20170109,YINN,YINN[富时中国3倍做多],0.002,0
20170106,YINN,YINN[富时中国3倍做多],-0.024,0
20161214,YINN,YINN[富时中国3倍做多],-0.07,0
20161128,ABBV,"ABBV[AbbVie, Inc.]",-0.044,0
20161125,ABBV,"ABBV[AbbVie, Inc.]",0.014,0
20161123,ABBV,"ABBV[AbbVie, Inc.]",0.056,0
20161122,ABBV,"ABBV[AbbVie, Inc.]",-0.062,0
20161121,ABBV,"ABBV[AbbVie, Inc.]",-0.004,0
20161118,ABBV,"ABBV[AbbVie, Inc.]",-0.047,0
20161117,ABBV,"ABBV[AbbVie, Inc.]",0.006,0
20161116,ABBV,"ABBV[AbbVie, Inc.]",-0.051,0
20161108,YANG,YANG[富时中国3倍做空],-0.02,0
20160916,SOXS,SOXS[半导体指数3倍做空],-0.002,0
20160915,SOXS,SOXS[半导体指数3倍做空],-0.069,0
20160913,UCO,UCO[原油2倍做多],-0.05,0
20160912,UCO,UCO[原油2倍做多],0.008,0
20160901,COP,COP[ConocoPhillips],-0.019,0
20160616,NVDQ,NVDQ[NVDA 2X SHORT],-0.016,0
20160615,YANG,YANG[富时中国3倍做空],-0.007,0
20160615,NVDQ,NVDQ[NVDA 2X SHORT],-0.013,0
20160614,YANG,YANG[富时中国3倍做空],-0.008,0
20160613,YANG,YANG[富时中国3倍做空],0.061,0
20160526,SQQQ,SQQQ[纳斯达克3倍做空],-0.009,0
20160525,YANG,YANG[富时中国3倍做空],-0.054,0
20160525,SQQQ,SQQQ[纳斯达克3倍做空],-0.022,0
20160524,SQQQ,SQQQ[纳斯达克3倍做空],-0.062,0
20160408,MS,MS[Morgan Stanley],0.004,0
20160407,AMD,"AMD[Advanced Micro Devices, Inc.]",-0.057,0
20160406,MS,MS[Morgan Stanley],0.005,0
20160406,MU,"MU[Micron Technology, Inc.]",0.008,0
20160405,UCO,UCO[原油2倍做多],0.012,0
20160404,UCO,UCO[原油2倍做多],-0.056,0
20160401,HSBC,HSBC[HSBC Holdings Plc],-0.016,0
20160401,COP,COP[ConocoPhillips],-0.022,0
20160401,MU,"MU[Micron Technology, Inc.]",0.062,0
20160331,UCO,UCO[原油2倍做多],-0.004,0
20160331,HSBC,HSBC[HSBC Holdings Plc],-0.028,0
20160331,MS,MS[Morgan Stanley],-0.007,0
20160331,COP,COP[ConocoPhillips],0.009,0
20160331,MU,"MU[Micron Technology, Inc.]",-0.001,0
20160330,UCO,UCO[原油2倍做多],-0.015,0
20160330,MS,MS[Morgan Stanley],0.034,0
20160330,COP,COP[ConocoPhillips],0.022,0
20160329,UCO,UCO[原油2倍做多],-0.045,0
20160329,MS,MS[Morgan Stanley],0.007,0
20160329,COP,COP[ConocoPhillips],-0.003,0
20160328,UCO,UCO[原油2倍做多],-0.006,0
20160328,MS,MS[Morgan Stanley],-0.024,0
20160328,COP,COP[ConocoPhillips],-0.017,0
20160324,UCO,UCO[原油2倍做多],-0.012,0
20160324,MS,MS[Morgan Stanley],-0.037,0
20160324,COP,COP[ConocoPhillips],0.009,0
20160324,MU,"MU[Micron Technology, Inc.]",-0.016,0
20160323,UCO,UCO[原油2倍做多],-0.08,0
20160323,MS,MS[Morgan Stanley],-0.059,0
20160323,COP,COP[ConocoPhillips],-0.088,0
20160323,MU,"MU[Micron Technology, Inc.]",-0.079,0
20160317,MU,"MU[Micron Technology, Inc.]",0.016,0
20160316,MS,MS[Morgan Stanley],-0.029,0
20160316,MU,"MU[Micron Technology, Inc.]",-0.014,0
20160315,UCO,UCO[原油2倍做多],-0.041,0
20160315,COP,COP[ConocoPhillips],-0.008,0
20160315,MU,"MU[Micron Technology, Inc.]",-0.031,0
20160310,CHAU,CHAU[沪深300 2倍做多],-0.054,0
20160310,AMD,"AMD[Advanced Micro Devices, Inc.]",0.0,0
20160310,MS,MS[Morgan Stanley],0.005,0
20160310,COP,COP[ConocoPhillips],-0.001,0
20160310,MU,"MU[Micron Technology, Inc.]",0.007,0
20160309,YINN,YINN[富时中国3倍做多],0.013,0
20160309,SOXL,SOXL[半导体指数3倍做多],0.054,0
20160309,AMD,"AMD[Advanced Micro Devices, Inc.]",-0.017,0
20160309,MS,MS[Morgan Stanley],-0.045,0
20160309,COP,COP[ConocoPhillips],0.021,0
20160309,MU,"MU[Micron Technology, Inc.]",0.016,0
20160308,YINN,YINN[富时中国3倍做多],-0.076,0
20160308,SOXL,SOXL[半导体指数3倍做多],-0.139,0
20160308,ERX,ERX[美国能源指数2倍做多],-0.134,0
20160308,MS,MS[Morgan Stanley],-0.109,0
20160308,COP,COP[ConocoPhillips],-0.121,0
20160308,MU,"MU[Micron Technology, Inc.]",-0.091,0
20160303,UCO,UCO[原油2倍做多],0.0,0
20160302,UCO,UCO[原油2倍做多],0.02,0
20160301,UCO,UCO[原油2倍做多],0.025,0
20160301,CHAU,CHAU[沪深300 2倍做多],0.069,0
20160229,YINN,YINN[富时中国3倍做多],-0.015,0
20160229,TQQQ,TQQQ[纳斯达克3倍做多],-0.041,0
20160229,SOXL,SOXL[半导体指数3倍做多],-0.013,0
20160229,ERX,ERX[美国能源指数2倍做多],-0.03,0
20160229,CHAU,CHAU[沪深300 2倍做多],-0.046,0
20160229,MS,MS[Morgan Stanley],-0.051,0
20160224,SOXL,SOXL[半导体指数3倍做多],0.116,0
20160224,RY,RY[Royal Bank of Canada],-0.05,0
20160212,RY,RY[Royal Bank of Canada],0.135,0
20160211,RY,RY[Royal Bank of Canada],-0.044,0
20160210,RY,RY[Royal Bank of Canada],-0.063,0
20160209,RY,RY[Royal Bank of Canada],-0.05,0
20160205,ABBV,"ABBV[AbbVie, Inc.]",-0.197,0
20160204,ABBV,"ABBV[AbbVie, Inc.]",-0.004,0
20160203,ABBV,"ABBV[AbbVie, Inc.]",0.184,0
20160202,ABBV,"ABBV[AbbVie, Inc.]",-0.027,0
20160202,ETN,ETN[Eaton Corp. Plc],-0.05,0
20160201,ABBV,"ABBV[AbbVie, Inc.]",-0.031,0
20160129,ABBV,"ABBV[AbbVie, Inc.]",-0.054,0
20160129,RY,RY[Royal Bank of Canada],0.032,0
20160128,ABBV,"ABBV[AbbVie, Inc.]",-0.067,0
20160127,ABBV,"ABBV[AbbVie, Inc.]",-0.058,0
20160106,QCOM,"QCOM[QUALCOMM, Inc.]",-0.019,0
20160105,YINN,YINN[富时中国3倍做多],-0.017,0
20160105,QCOM,"QCOM[QUALCOMM, Inc.]",-0.036,0
20160104,YINN,YINN[富时中国3倍做多],-0.104,0
20151231,YINN,YINN[富时中国3倍做多],-0.012,0
20151231,QCOM,"QCOM[QUALCOMM, Inc.]",-0.016,0
20151230,YINN,YINN[富时中国3倍做多],-0.049,0
20151229,SOXS,SOXS[半导体指数3倍做空],-0.037,0
20151224,SOXS,SOXS[半导体指数3倍做空],-0.011,0
20151215,SOXS,SOXS[半导体指数3倍做空],-0.046,0
20151201,ABBV,"ABBV[AbbVie, Inc.]",0.045,0
20151130,ABBV,"ABBV[AbbVie, Inc.]",-0.087,0
20151127,ABBV,"ABBV[AbbVie, Inc.]",-0.014,0
20151125,ABBV,"ABBV[AbbVie, Inc.]",-0.038,0
20151125,MS,MS[Morgan Stanley],0.001,0
20151124,ABBV,"ABBV[AbbVie, Inc.]",-0.001,0
20151123,ABBV,"ABBV[AbbVie, Inc.]",0.002,0
20151120,YANG,YANG[富时中国3倍做空],-0.053,0
20151120,ABBV,"ABBV[AbbVie, Inc.]",0.026,0
20151116,TQQQ,TQQQ[纳斯达克3倍做多],0.058,0
20151113,TQQQ,TQQQ[纳斯达克3倍做多],-0.08,0
20151113,CAT,"CAT[Caterpillar, Inc.]",0.029,0
20151112,TQQQ,TQQQ[纳斯达克3倍做多],-0.039,0
20151112,ERX,ERX[美国能源指数2倍做多],-0.072,0
20151112,CAT,"CAT[Caterpillar, Inc.]",-0.089,0
20151111,ERX,ERX[美国能源指数2倍做多],-0.068,0
20151104,YINN,YINN[富时中国3倍做多],0.038,0
20151103,YINN,YINN[富时中国3倍做多],0.007,0
20151102,YINN,YINN[富时中国3倍做多],0.025,0
20151030,YINN,YINN[富时中国3倍做多],-0.012,0
20151029,YINN,YINN[富时中国3倍做多],-0.031,0
20151028,YINN,YINN[富时中国3倍做多],-0.032,0
20151028,ERX,ERX[美国能源指数2倍做多],0.069,0
20151027,SOXL,SOXL[半导体指数3倍做多],-0.037,0
20151027,ERX,ERX[美国能源指数2倍做多],-0.036,0
20151026,ERX,ERX[美国能源指数2倍做多],-0.08,0
20151021,ERX,ERX[美国能源指数2倍做多],-0.037,0
20151021,MS,MS[Morgan Stanley],-0.049,0
20151020,ETN,ETN[Eaton Corp. Plc],0.044,0
20151014,ASML,ASML[ASML Holding NV],-0.001,0
20150929,TSM,"TSM[Taiwan Semiconductor Manufacturing Co., Ltd.]",0.031,0
20150928,TSM,"TSM[Taiwan Semiconductor Manufacturing Co., Ltd.]",-0.048,0
20150924,UNP,UNP[Union Pacific Corp.],-0.016,0
20150922,SOXL,SOXL[半导体指数3倍做多],-0.155,0
20150922,TSM,"TSM[Taiwan Semiconductor Manufacturing Co., Ltd.]",-0.062,0
20150921,SOXL,SOXL[半导体指数3倍做多],-0.025,0
20150921,BHP,BHP[BHP Group Ltd.],-0.081,0
20150921,MU,"MU[Micron Technology, Inc.]",0.018,0
20150918,SOXL,SOXL[半导体指数3倍做多],-0.115,0
20150918,UCO,UCO[原油2倍做多],-0.081,0
20150918,BHP,BHP[BHP Group Ltd.],-0.123,0
20150917,SOXL,SOXL[半导体指数3倍做多],-0.052,0
20150917,UCO,UCO[原油2倍做多],-0.017,0
20150916,SOXL,SOXL[半导体指数3倍做多],0.017,0
20150916,UCO,UCO[原油2倍做多],0.109,0
20150915,SOXL,SOXL[半导体指数3倍做多],0.08,0
20150915,UCO,UCO[原油2倍做多],0.027,0
20150915,BHP,BHP[BHP Group Ltd.],0.016,0
20150914,UCO,UCO[原油2倍做多],-0.037,0
20150914,BHP,BHP[BHP Group Ltd.],0.008,0
20150911,UCO,UCO[原油2倍做多],-0.039,0
20150911,BHP,BHP[BHP Group Ltd.],0.027,0
20150910,UCO,UCO[原油2倍做多],0.053,0
20150909,UCO,UCO[原油2倍做多],-0.066,0
20150908,UCO,UCO[原油2倍做多],-0.002,0
20150904,UCO,UCO[原油2倍做多],-0.036,0
20150903,UCO,UCO[原油2倍做多],0.033,0
20150902,UCO,UCO[原油2倍做多],0.035,0
20150901,UCO,UCO[原油2倍做多],-0.137,0
20150810,SOXS,SOXS[半导体指数3倍做空],-0.074,0
20150730,SOXS,SOXS[半导体指数3倍做空],-0.012,0
20150714,SOXS,SOXS[半导体指数3倍做空],-0.032,0
20240812,SOXS,SOXS[半导体指数3倍做空],-0.017,0
20240812,UVIX,UVIX[VIX恐慌指数2倍做多],-0.029,0
20240812,NVDQ,NVDQ[NVDA 2X SHORT],-0.084,0
20240813,SOXS,SOXS[半导体指数3倍做空],-0.121,0
20240813,UVIX,UVIX[VIX恐慌指数2倍做多],-0.141,0
20240813,NVDQ,NVDQ[NVDA 2X SHORT],-0.129,0
20240814,SOXS,SOXS[半导体指数3倍做空],0.009,0
20240814,NVDQ,NVDQ[NVDA 2X SHORT],-0.03,0
20240815,SOXS,SOXS[半导体指数3倍做空],-0.146,0
20240815,NVDQ,NVDQ[NVDA 2X SHORT],-0.084,0
20240816,SOXS,SOXS[半导体指数3倍做空],0.01,0
20240816,NVDQ,NVDQ[NVDA 2X SHORT],-0.026,0
20240816,SOXS,SOXS[半导体指数3倍做空],0.01,0
20240816,NVDQ,NVDQ[NVDA 2X SHORT],-0.026,0
